"Qubit","T1 (us)","T2 (us)","Readout assignment error","Prob meas0 prep1","Prob meas1 prep0","Readout length (ns)","ID error","Single-qubit gate length (ns)","RX error","Z-axis rotation (rz) error","√x (sx) error","Pauli-X error","CZ error","Gate length (ns)","RZZ error","MEASURE error","Operational"
"0","241.26262769325933","42.232454585739745","0.0098876953125","0.016357421875","0.00341796875","2584","0.0006269968320546486","36","0.0006269968320546486","0","0.0006269968320546486","0.0006269968320546486","1:0.0028691888993483405","1:68","1:0.002044692986427177","0.0098876953125","Yes"
"1","138.89845746374718","122.63262633533431","0.0086669921875","0.0166015625","0.000732421875","2584","0.00023747991015919724","36","0.00023747991015919724","0","0.00023747991015919724","0.00023747991015919724","2:0.0018404518382348078;0:0.0028691888993483405","2:68;0:68","2:0.0011312635636743507;0:0.002044692986427177","0.0086669921875","Yes"
"2","299.98279088011117","409.5520420509359","0.005615234375","0.009521484375","0.001708984375","2584","0.0001381032133770879","36","0.0001381032133770879","0","0.0001381032133770879","0.0001381032133770879","1:0.0018404518382348078;3:0.0018052691794011866","1:68;3:68","1:0.0011312635636743507;3:0.0011862739412265288","0.005615234375","Yes"
"3","273.927366509934","232.74552550760458","0.006591796875","0.008056640625","0.005126953125","2584","0.0003059152395121633","36","0.0003059152395121633","0","0.0003059152395121633","0.0003059152395121633","16:0.0024341166257104974;2:0.0018052691794011866;4:0.0019460856490015332","16:68;2:68;4:80","16:0.0012651426051405734;2:0.0011862739412265288;4:0.0015933596616500567","0.006591796875","Yes"
"4","228.99385352374486","327.6032453402125","0.0115966796875","0.022216796875","0.0009765625","2584","0.0002973247384566336","36","0.0002973247384566336","0","0.0002973247384566336","0.0002973247384566336","3:0.0019460856490015332;5:0.0020417898514674127","3:80;5:68","3:0.0015933596616500567;5:0.0017217343136555485","0.0115966796875","Yes"
"5","234.1565528293877","234.5074838678769","0.0087890625","0.014892578125","0.002685546875","2584","0.00026165094627490874","36","0.00026165094627490874","0","0.00026165094627490874","0.00026165094627490874","6:0.0011841640347782234;4:0.0020417898514674127","6:68;4:68","6:0.0013097424224999266;4:0.0017217343136555485","0.0087890625","Yes"
"6","197.96503739849098","227.89102856555436","0.00439453125","0.007568359375","0.001220703125","2584","0.00020756515617291525","36","0.00020756515617291525","0","0.00020756515617291525","0.00020756515617291525","5:0.0011841640347782234;7:0.0013666503276183462","5:68;7:68","5:0.0013097424224999266;7:0.0012200536239725113","0.00439453125","Yes"
"7","264.88092179061977","115.16561574317981","0.0047607421875","0.007568359375","0.001953125","2584","0.00027687290640396263","36","0.00027687290640396263","0","0.00027687290640396263","0.00027687290640396263","17:0.0015408410259961924;6:0.0013666503276183462;8:0.0019479310880608502","17:68;6:68;8:80","17:0.0016822614748017717;6:0.0012200536239725113;8:0.0017198034910292648","0.0047607421875","Yes"
"8","146.29284545464083","104.90683246205957","0.0084228515625","0.016357421875","0.00048828125","2584","0.00034213076213191834","36","0.00034213076213191834","0","0.00034213076213191834","0.00034213076213191834","9:0.0022275587352232895;7:0.0019479310880608502","9:68;7:80","9:0.001976406944732917;7:0.0017198034910292648","0.0084228515625","Yes"
"9","210.40650062922458","284.07750781309534","0.0123291015625","0.016845703125","0.0078125","2584","0.00024984165707164215","36","0.00024984165707164215","0","0.00024984165707164215","0.00024984165707164215","8:0.0022275587352232895;10:0.0016713123863161539","8:68;10:68","8:0.001976406944732917;10:0.002651189860388259","0.0123291015625","Yes"
"10","276.05222721089103","226.55639655333292","0.0084228515625","0.0107421875","0.00341796875","2584","0.0002226244319409287","36","0.0002226244319409287","0","0.0002226244319409287","0.0002226244319409287","9:0.0016713123863161539;11:0.0015477944265616939","9:68;11:68","9:0.002651189860388259;11:0.0035137742936495464","0.0084228515625","Yes"
"11","295.302315306365","200.9256660526902","0.055908203125","0.108642578125","0.003173828125","2584","0.00024915035626869175","36","0.00024915035626869175","0","0.00024915035626869175","0.00024915035626869175","18:0.0017297800178244505;10:0.0015477944265616939;12:0.0011705769876420025","18:68;10:68;12:68","18:0.0012149681304731985;10:0.0035137742936495464;12:0.0012387080029491182","0.055908203125","Yes"
"12","284.1362495521376","143.97456698799513","0.0045166015625","0.007568359375","0.00146484375","2584","0.00017874106577648628","36","0.00017874106577648628","0","0.00017874106577648628","0.00017874106577648628","13:0.0016175602520574484;11:0.0011705769876420025","13:80;11:68","13:0.001625653725635945;11:0.0012387080029491182","0.0045166015625","Yes"
"13","147.86705475932362","135.20617681013357","0.0430908203125","0.02587890625","0.060302734375","2584","0.00022975924961929548","36","0.00022975924961929548","0","0.00022975924961929548","0.00022975924961929548","12:0.0016175602520574484;14:0.0011099634297040695","12:80;14:80","12:0.001625653725635945;14:0.0013216051620481006","0.0430908203125","Yes"
"14","176.33967744676963","147.7251384846784","0.0025634765625","0.004638671875","0.00048828125","2584","0.0001389372784498914","36","0.0001389372784498914","0","0.0001389372784498914","0.0001389372784498914","15:0.00155578183044075;13:0.0011099634297040695","15:68;13:80","15:0.0016959820650029322;13:0.0013216051620481006","0.0025634765625","Yes"
"15","181.86852843712182","18.36700632639244","0.021240234375","0.04052734375","0.001953125","2584","0.0002689322740261249","36","0.0002689322740261249","0","0.0002689322740261249","0.0002689322740261249","14:0.00155578183044075;19:0.0022487597194153497","14:68;19:68","14:0.0016959820650029322;19:0.0018345968352765085","0.021240234375","Yes"
"16","137.93672911079108","131.8938731486239","0.0137939453125","0.02490234375","0.002685546875","2584","0.0004816260007834107","36","0.0004816260007834107","0","0.0004816260007834107","0.0004816260007834107","23:0.003181928479168372;3:0.0024341166257104974","23:68;3:68","23:0.0016453855074036183;3:0.0012651426051405734","0.0137939453125","Yes"
"17","156.97874890810937","11.07438155183123","0.00244140625","0.00390625","0.0009765625","2584","0.00041743465300192256","36","0.00041743465300192256","0","0.00041743465300192256","0.00041743465300192256","7:0.0015408410259961924;27:0.0019710225155409045","7:68;27:68","7:0.0016822614748017717;27:0.0016816345897364138","0.00244140625","Yes"
"18","95.26026482158777","77.72673170433202","0.014892578125","0.01953125","0.01025390625","2584","0.00031272133797475394","36","0.00031272133797475394","0","0.00031272133797475394","0.00031272133797475394","11:0.0017297800178244505;31:0.0022050849619665858","11:68;31:68","11:0.0012149681304731985;31:0.0025012470034521395","0.014892578125","Yes"
"19","69.17350595712927","41.49989857054428","0.0048828125","0.008544921875","0.001220703125","2584","0.0002736345440826511","36","0.0002736345440826511","0","0.0002736345440826511","0.0002736345440826511","35:0.002377000446617844;15:0.0022487597194153497","35:80;15:68","35:0.0016490431356688817;15:0.0018345968352765085","0.0048828125","Yes"
"20","136.55053943429573","188.5761765436913","0.0045166015625","0.00830078125","0.000732421875","2584","0.00034345535192016987","36","0.00034345535192016987","0","0.00034345535192016987","0.00034345535192016987","21:0.0036292562530287897","21:68","21:0.002187409799438572","0.0045166015625","Yes"
"21","192.96561914422455","139.90530900740058","0.0040283203125","0.00439453125","0.003662109375","2584","0.00015088854086748997","36","0.00015088854086748997","0","0.00015088854086748997","0.00015088854086748997","36:0.002987818670563941;20:0.0036292562530287897;22:0.0024330541321199717","36:68;20:68;22:68","36:0.0021170694743061214;20:0.002187409799438572;22:0.0031899856236313473","0.0040283203125","Yes"
"22","183.02000139194539","34.98212933977338","0.0091552734375","0.015869140625","0.00244140625","2584","0.0002497600505472169","36","0.0002497600505472169","0","0.0002497600505472169","0.0002497600505472169","23:0.0034173411572243906;21:0.0024330541321199717","23:68;21:68","23:0.0017276444897847132;21:0.0031899856236313473","0.0091552734375","Yes"
"23","267.62834245727123","203.82054146015844","0.0618896484375","0.082275390625","0.04150390625","2584","0.0003220308121363274","36","0.0003220308121363274","0","0.0003220308121363274","0.0003220308121363274","22:0.0034173411572243906;24:0.0055572297492385014;16:0.003181928479168372","22:68;24:68;16:68","22:0.0017276444897847132;24:0.002271438710531676;16:0.0016453855074036183","0.0618896484375","Yes"
"24","160.81213895099035","83.90033597971366","0.080322265625","0.1591796875","0.00146484375","2584","0.00031284913283037335","36","0.00031284913283037335","0","0.00031284913283037335","0.00031284913283037335","23:0.0055572297492385014;25:0.003344197865642745","23:68;25:68","23:0.002271438710531676;25:0.003427792626944315","0.080322265625","Yes"
"25","145.6202921455355","55.86490774150628","0.0145263671875","0.028564453125","0.00048828125","2584","0.0005135324678877504","36","0.0005135324678877504","0","0.0005135324678877504","0.0005135324678877504","24:0.003344197865642745;26:0.01484518939477611;37:0.004672059765493036","24:68;26:68;37:68","24:0.003427792626944315;26:0.015705227062932592;37:0.007554041376074544","0.0145263671875","Yes"
"26","7.184360898437684","10.147184142138038","0.0394287109375","0.077392578125","0.00146484375","2584","0.0022777442293905217","36","0.0022777442293905217","0","0.0022777442293905217","0.0022777442293905217","25:0.01484518939477611;27:0.011258541605940642","25:68;27:68","25:0.015705227062932592;27:0.014236393755572202","0.0394287109375","Yes"
"27","135.0434693500107","118.34132405614153","0.0040283203125","0.015625","0.000732421875","2584","0.0004601489085662519","36","0.0004601489085662519","0","0.0004601489085662519","0.0004601489085662519","26:0.011258541605940642;28:0.001707256709498034;17:0.0019710225155409045","26:68;28:68;17:68","26:0.014236393755572202;28:0.001023807433942897;17:0.0016816345897364138","0.0040283203125","Yes"
"28","133.64370527502277","31.753852012616587","0.0152587890625","0.02734375","0.003173828125","2584","0.00024587866407455906","36","0.00024587866407455906","0","0.00024587866407455906","0.00024587866407455906","27:0.001707256709498034;29:0.002869017992049777","27:68;29:68","27:0.001023807433942897;29:0.001972032693426329","0.0152587890625","Yes"
"29","70.4483099917272","91.12639688608822","0.087158203125","0.1728515625","0.00146484375","2584","0.00036575176842619506","36","0.00036575176842619506","0","0.00036575176842619506","0.00036575176842619506","38:0.0022383068785329086;28:0.002869017992049777;30:0.002124611390097675","38:68;28:68;30:68","38:0.0020717382859244404;28:0.001972032693426329;30:0.0020103677353142946","0.087158203125","Yes"
"30","273.49591681587","93.29873332663564","0.0103759765625","0.016357421875","0.00439453125","2584","0.000486987288904637","36","0.000486987288904637","0","0.000486987288904637","0.000486987288904637","31:0.0024261336661127175;29:0.002124611390097675","31:68;29:68","31:0.0021004257701491558;29:0.0020103677353142946","0.0103759765625","Yes"
"31","153.71857783472103","68.4576839549869","0.0244140625","0.03759765625","0.01123046875","2584","0.00040579509020396824","36","0.00040579509020396824","0","0.00040579509020396824","0.00040579509020396824","30:0.0024261336661127175;32:0.0024225830713557606;18:0.0022050849619665858","30:68;32:68;18:68","30:0.0021004257701491558;32:0.002413169519258518;18:0.0025012470034521395","0.0244140625","Yes"
"32","321.31250540737267","52.20805681107153","0.0079345703125","0.01220703125","0.003662109375","2584","0.00027485195830297024","36","0.00027485195830297024","0","0.00027485195830297024","0.00027485195830297024","31:0.0024225830713557606;33:0.002398029632805082","31:68;33:68","31:0.002413169519258518;33:0.003966223946527958","0.0079345703125","Yes"
"33","134.93084055451922","140.40109542224428","0.0103759765625","0.0146484375","0.006103515625","2584","0.00019584255188391235","36","0.00019584255188391235","0","0.00019584255188391235","0.00019584255188391235","39:0.0015038081502458944;32:0.002398029632805082;34:0.001981290256728524","39:68;32:68;34:68","39:0.0037705774886681587;32:0.003966223946527958;34:0.0012945979877402591","0.0103759765625","Yes"
"34","182.007890609866","149.0764448451225","0.00390625","0.00732421875","0.00048828125","2584","0.000399512410059014","36","0.000399512410059014","0","0.000399512410059014","0.000399512410059014","33:0.001981290256728524;35:0.0028107639963656783","33:68;35:68","33:0.0012945979877402591;35:0.001935195191963196","0.00390625","Yes"
"35","255.90679243860276","318.739361139398","0.0361328125","0.025634765625","0.046630859375","2584","0.00018810283445225742","36","0.00018810283445225742","0","0.00018810283445225742","0.00018810283445225742","19:0.002377000446617844;34:0.0028107639963656783","19:80;34:68","19:0.0016490431356688817;34:0.001935195191963196","0.0361328125","Yes"
"36","198.44702607301517","105.21683118830948","0.0096435546875","0.017822265625","0.00146484375","2584","0.0021999201446017244","36","0.0021999201446017244","0","0.0021999201446017244","0.0021999201446017244","41:0.007403401432987039;21:0.002987818670563941","41:68;21:68","41:0.0028159696011245128;21:0.0021170694743061214","0.0096435546875","Yes"
"37","137.47339198552427","7.0353164181150865","0.038330078125","0.064208984375","0.012451171875","2584","0.000830146928481599","36","0.000830146928481599","0","0.000830146928481599","0.000830146928481599","45:0.004494184249184824;25:0.004672059765493036","45:68;25:68","45:0.006108690529312427;25:0.007554041376074544","0.038330078125","Yes"
"38","105.25750422383508","95.19602758849008","0.014404296875","0.0263671875","0.00244140625","2584","0.0005178632469330376","36","0.0005178632469330376","0","0.0005178632469330376","0.0005178632469330376","29:0.0022383068785329086;49:0.0029995180495741014","29:68;49:68","29:0.0020717382859244404;49:0.0021689339653485074","0.014404296875","Yes"
"39","180.91198846530452","148.58575509876945","0.0267333984375","0.0361328125","0.017333984375","2584","0.0003131004550311168","36","0.0003131004550311168","0","0.0003131004550311168","0.0003131004550311168","53:0.0016385838301681;33:0.0015038081502458944","53:68;33:68","53:0.0018984382036149883;33:0.0037705774886681587","0.0267333984375","Yes"
"40","161.9362474463059","92.0947974665883","0.095947265625","0.0576171875","0.13427734375","2584","0.00022930301386012066","36","0.00022930301386012066","0","0.00022930301386012066","0.00022930301386012066","41:0.15418082392159807","41:68","41:0.08748683729729032","0.095947265625","Yes"
"41","172.0514533352381","31.61423239674572","0.0068359375","0.0126953125","0.0009765625","2584","0.00023485523812506495","36","0.00023485523812506495","0","0.00023485523812506495","0.00023485523812506495","40:0.15418082392159807;42:0.01158958767586274;36:0.007403401432987039","40:68;42:68;36:68","40:0.08748683729729032;42:0.004896370157908642;36:0.0028159696011245128","0.0068359375","Yes"
"42","141.63506802011085","78.35889716384357","0.0098876953125","0.015869140625","0.00390625","2584","0.0003866436564395022","36","0.0003866436564395022","0","0.0003866436564395022","0.0003866436564395022","41:0.01158958767586274;43:0.005666457668752012","41:68;43:68","41:0.004896370157908642;43:0.0038223522699384616","0.0098876953125","Yes"
"43","269.36636954042757","93.84953632018929","0.010009765625","0.013427734375","0.006591796875","2584","0.0005046974170209044","36","0.0005046974170209044","0","0.0005046974170209044","0.0005046974170209044","42:0.005666457668752012;56:0.0021073729687753617;44:0.0014591271481765866","42:68;56:68;44:68","42:0.0038223522699384616;56:0.0018883385773990624;44:0.0023621045222183","0.010009765625","Yes"
"44","242.9962719984549","176.20782693155604","0.0108642578125","0.0107421875","0.001220703125","2584","0.0003682351037240136","36","0.0003682351037240136","0","0.0003682351037240136","0.0003682351037240136","45:0.002363213367877426;43:0.0014591271481765866","45:68;43:68","45:0.002261453199246505;43:0.0023621045222183","0.0108642578125","Yes"
"45","101.08534012655373","108.19556862338497","0.0203857421875","0.04052734375","0.000244140625","2584","0.0004453919088373756","36","0.0004453919088373756","0","0.0004453919088373756","0.0004453919088373756","44:0.002363213367877426;46:0.003275786507081352;37:0.004494184249184824","44:68;46:68;37:68","44:0.002261453199246505;46:0.002479400556682193;37:0.006108690529312427","0.0203857421875","Yes"
"46","231.86411589395854","118.19460200636034","0.013427734375","0.02490234375","0.001953125","2584","0.0004887683798368399","36","0.0004887683798368399","0","0.0004887683798368399","0.0004887683798368399","45:0.003275786507081352;47:0.0018289788213773361","45:68;47:68","45:0.002479400556682193;47:0.0011537003904164567","0.013427734375","Yes"
"47","220.11570340093425","112.26747176098331","0.0068359375","0.011962890625","0.001708984375","2584","0.0003348829884079823","36","0.0003348829884079823","0","0.0003348829884079823","0.0003348829884079823","48:0.01068334066950355;57:0.0016837470588858539;46:0.0018289788213773361","48:68;57:68;46:68","48:0.006469522440061326;57:0.0017900592404006543;46:0.0011537003904164567","0.0068359375","Yes"
"48","210.48684997323636","236.5167069281813","0.04248046875","0.059326171875","0.025634765625","2584","0.0038567544490158085","36","0.0038567544490158085","0","0.0038567544490158085","0.0038567544490158085","47:0.01068334066950355;49:0.010325873063205926","47:68;49:68","47:0.006469522440061326;49:0.006648610203810468","0.04248046875","Yes"
"49","88.42053420285588","23.919477989424845","0.0213623046875","0.039306640625","0.00341796875","2584","0.0006433050696828398","36","0.0006433050696828398","0","0.0006433050696828398","0.0006433050696828398","48:0.010325873063205926;50:0.002889836760572473;38:0.0029995180495741014","48:68;50:68;38:68","48:0.006648610203810468;50:0.004659096717751138;38:0.0021689339653485074","0.0213623046875","Yes"
"50","170.29926176737857","136.2852780140083","0.014404296875","0.02490234375","0.00390625","2584","0.0004768448419267179","36","0.0004768448419267179","0","0.0004768448419267179","0.0004768448419267179","49:0.002889836760572473;51:0.002176975138959064","49:68;51:68","49:0.004659096717751138;51:0.005132883852691533","0.014404296875","Yes"
"51","161.52404893711937","161.09608956559043","0.0655517578125","0.077392578125","0.0537109375","2584","0.000466981679106496","36","0.000466981679106496","0","0.000466981679106496","0.000466981679106496","50:0.002176975138959064;52:0.004110187729924886;58:0.002363318262049524","50:68;52:68;58:68","50:0.005132883852691533;52:0.0015455399669740966;58:0.003927530176708133","0.0655517578125","Yes"
"52","144.85687159549448","97.54173826150826","0.0086669921875","0.012451171875","0.0048828125","2584","0.0007067428109959952","36","0.0007067428109959952","0","0.0007067428109959952","0.0007067428109959952","51:0.004110187729924886;53:0.0038529726689517374","51:68;53:68","51:0.0015455399669740966;53:0.0014639745228086087","0.0086669921875","Yes"
"53","161.80549999686232","118.50539319130732","0.0137939453125","0.0185546875","0.009033203125","2584","0.00019090269570710405","36","0.00019090269570710405","0","0.00019090269570710405","0.00019090269570710405","39:0.0016385838301681;52:0.0038529726689517374;54:0.0011713855372772475","39:68;52:68;54:68","39:0.0018984382036149883;52:0.0014639745228086087;54:0.0008320647834127726","0.0137939453125","Yes"
"54","262.1768951661876","308.63598646929927","0.0037841796875","0.003662109375","0.00390625","2584","0.00020075375700289854","36","0.00020075375700289854","0","0.00020075375700289854","0.00020075375700289854","53:0.0011713855372772475;55:0.0014666406735532878","53:68;55:68","53:0.0008320647834127726;55:0.0013437260061311684","0.0037841796875","Yes"
"55","226.2150762512985","74.24696562598479","0.0233154296875","0.02294921875","0.023681640625","2584","0.00019539492756330643","36","0.00019539492756330643","0","0.00019539492756330643","0.00019539492756330643","59:0.002581666034879887;54:0.0014666406735532878","59:68;54:68","59:0.0022558062782870036;54:0.0013437260061311684","0.0233154296875","Yes"
"56","231.36463851427055","104.6556793250344","0.01171875","0.014404296875","0.009033203125","2584","0.0005558705657779698","36","0.0005558705657779698","0","0.0005558705657779698","0.0005558705657779698","63:0.003948789236183942;43:0.0021073729687753617","63:68;43:68","63:0.003004445665815647;43:0.0018883385773990624","0.01171875","Yes"
"57","138.04829131947528","69.84851552118467","0.01953125","0.03759765625","0.00146484375","2584","0.0007473317613197067","36","0.0007473317613197067","0","0.0007473317613197067","0.0007473317613197067","47:0.0016837470588858539;67:0.002639218271776572","47:68;67:68","47:0.0017900592404006543;67:0.00323637371993718","0.01953125","Yes"
"58","173.47178855144355","173.36225405116906","0.03125","0.041259765625","0.021240234375","2584","0.0002276262042612786","36","0.0002276262042612786","0","0.0002276262042612786","0.0002276262042612786","71:0.0024862194304152707;51:0.002363318262049524","71:68;51:68","71:0.0037670107363546868;51:0.003927530176708133","0.03125","Yes"
"59","122.94022798846834","155.34344475712683","0.0155029296875","0.025390625","0.005615234375","2584","0.00022184367858378467","36","0.00022184367858378467","0","0.00022184367858378467","0.00022184367858378467","55:0.002581666034879887;75:0.0021085957284661117","55:68;75:68","55:0.0022558062782870036;75:0.001783625006540196","0.0155029296875","Yes"
"60","210.77446295430676","161.1491276092351","0.077392578125","0.04833984375","0.1064453125","2584","0.0002488921814659634","36","0.0002488921814659634","0","0.0002488921814659634","0.0002488921814659634","61:0.006854757184391075","61:80","61:0.02447163941468053","0.077392578125","Yes"
"61","182.77961911642802","205.9901857509638","0.0120849609375","0.01171875","0.00146484375","2584","0.00019675202075744236","36","0.00019675202075744236","0","0.00019675202075744236","0.00019675202075744236","76:0.0030057423278726236;60:0.006854757184391075;62:0.0020287218495758097","76:68;60:80;62:68","76:0.0021433625694948777;60:0.02447163941468053;62:0.0026732088018474875","0.0120849609375","Yes"
"62","156.26827829110587","58.398907859019836","0.1142578125","0.2080078125","0.0205078125","2584","0.0005293479593630335","36","0.0005293479593630335","0","0.0005293479593630335","0.0005293479593630335","61:0.0020287218495758097;63:0.00359552865080337","61:68;63:68","61:0.0026732088018474875;63:0.0018377696599538307","0.1142578125","Yes"
"63","185.93387231369684","177.1468134814575","0.027099609375","0.048828125","0.00537109375","2584","0.00022485829082325082","36","0.00022485829082325082","0","0.00022485829082325082","0.00022485829082325082","56:0.003948789236183942;62:0.00359552865080337;64:0.004059052297964438","56:68;62:68;64:68","56:0.003004445665815647;62:0.0018377696599538307;64:0.002132068590419256","0.027099609375","Yes"
"64","195.34517399024963","108.12850100213494","0.010498046875","0.018310546875","0.002685546875","2584","0.0008295200770036623","36","0.0008295200770036623","0","0.0008295200770036623","0.0008295200770036623","65:0.0038134523720257385;63:0.004059052297964438","65:68;63:68","65:0.005367304339904233;63:0.002132068590419256","0.010498046875","Yes"
"65","248.48616270698875","71.22582887423125","0.257080078125","0.4697265625","0.04443359375","2584","0.00037932931632488797","36","0.00037932931632488797","0","0.00037932931632488797","0.00037932931632488797","64:0.0038134523720257385;66:0.002334331979438359;77:0.002814643750223861","64:68;66:68;77:68","64:0.005367304339904233;66:0.00225676323278981;77:0.002609812959520924","0.257080078125","Yes"
"66","138.7813405819239","52.1863440733817","0.0086669921875","0.016357421875","0.0009765625","2584","0.00028850921580227665","36","0.00028850921580227665","0","0.00028850921580227665","0.00028850921580227665","65:0.002334331979438359;67:0.0022658521371061446","65:68;67:68","65:0.00225676323278981;67:0.002076791157156782","0.0086669921875","Yes"
"67","161.44319822521825","85.82019992127208","0.0357666015625","0.033447265625","0.0380859375","2584","0.0002688307238501977","36","0.0002688307238501977","0","0.0002688307238501977","0.0002688307238501977","68:0.003167252827986994;57:0.002639218271776572;66:0.0022658521371061446","68:68;57:68;66:68","68:0.00273441421309345;57:0.00323637371993718;66:0.002076791157156782","0.0357666015625","Yes"
"68","132.57458950891225","35.86806252729747","0.0086669921875","0.0166015625","0.000732421875","2584","0.0005048012868391292","36","0.0005048012868391292","0","0.0005048012868391292","0.0005048012868391292","67:0.003167252827986994;69:0.0027643065632048103","67:68;69:68","67:0.00273441421309345;69:0.002493988001808861","0.0086669921875","Yes"
"69","84.57949017143805","43.06078974934736","0.028564453125","0.038818359375","0.018310546875","2584","0.00022699543932358596","36","0.00022699543932358596","0","0.00022699543932358596","0.00022699543932358596","78:0.00209440508460354;68:0.0027643065632048103;70:0.0020619973532260694","78:68;68:68;70:80","78:0.0020285204666986023;68:0.002493988001808861;70:0.0018995514048410211","0.028564453125","Yes"
"70","168.821022543653","22.150585018793045","0.0086669921875","0.014892578125","0.00244140625","2584","0.00021672933554371258","36","0.00021672933554371258","0","0.00021672933554371258","0.00021672933554371258","69:0.0020619973532260694;71:0.0019339203183672549","69:80;71:68","69:0.0018995514048410211;71:0.0015729271321794358","0.0086669921875","Yes"
"71","130.54716607745308","123.24405144023483","0.008544921875","0.016845703125","0.000244140625","2584","0.00021692478298935555","36","0.00021692478298935555","0","0.00021692478298935555","0.00021692478298935555","72:0.0035392393152950674;58:0.0024862194304152707;70:0.0019339203183672549","72:68;58:68;70:68","72:0.002198704342255997;58:0.0037670107363546868;70:0.0015729271321794358","0.008544921875","Yes"
"72","139.1681235531943","47.60115566624453","0.0076904296875","0.013916015625","0.00146484375","2584","0.0006305684427351276","36","0.0006305684427351276","0","0.0006305684427351276","0.0006305684427351276","73:0.0037611401406064116;71:0.0035392393152950674","73:68;71:68","73:0.011452992337946333;71:0.002198704342255997","0.0076904296875","Yes"
"73","173.73014030473976","129.51714767575413","0.0196533203125","0.03759765625","0.001708984375","2584","0.00032687591963846506","36","0.00032687591963846506","0","0.00032687591963846506","0.00032687591963846506","72:0.0037611401406064116;74:0.00227185375322006;79:0.005022166326242139","72:68;74:68;79:68","72:0.011452992337946333;74:0.0028221179853008815;79:0.0021150261973271745","0.0196533203125","Yes"
"74","83.09559470762187","10.705354652120894","0.0257568359375","0.045654296875","0.005859375","2584","0.0004128255340011676","36","0.0004128255340011676","0","0.0004128255340011676","0.0004128255340011676","73:0.00227185375322006;75:0.0018587070859652777","73:68;75:68","73:0.0028221179853008815;75:0.0015423355701135733","0.0257568359375","Yes"
"75","261.87937179276184","289.68217123184627","0.007568359375","0.013671875","0.00146484375","2584","0.0002616853414583009","36","0.0002616853414583009","0","0.0002616853414583009","0.0002616853414583009","59:0.0021085957284661117;74:0.0018587070859652777","59:68;74:68","59:0.001783625006540196;74:0.0015423355701135733","0.007568359375","Yes"
"76","120.82274931870269","24.08925875778004","0.0118408203125","0.013671875","0.010009765625","2584","0.00047783386910094967","36","0.00047783386910094967","0","0.00047783386910094967","0.00047783386910094967","81:0.0048095037401196805;61:0.0030057423278726236","81:68;61:68","81:0.009487865116509148;61:0.0021433625694948777","0.0118408203125","Yes"
"77","141.15133085628193","87.01733151744527","0.0072021484375","0.013427734375","0.0009765625","2584","0.00040190848585875484","36","0.00040190848585875484","0","0.00040190848585875484","0.00040190848585875484","85:0.002683486733293161;65:0.002814643750223861","85:68;65:68","85:0.002726342668366938;65:0.002609812959520924","0.0072021484375","Yes"
"78","118.62348320331255","105.92016684631055","0.007568359375","0.01513671875","0.005126953125","2584","0.00021540873758510798","36","0.00021540873758510798","0","0.00021540873758510798","0.00021540873758510798","69:0.00209440508460354;89:0.0014596012793250956","69:68;89:68","69:0.0020285204666986023;89:0.0021863954004498476","0.007568359375","Yes"
"79","127.01866939116759","30.056284721151314","0.0811767578125","0.098876953125","0.0634765625","2584","0.0006665502743436955","36","0.0006665502743436955","0","0.0006665502743436955","0.0006665502743436955","93:0.0055293634137197345;73:0.005022166326242139","93:68;73:68","93:0.0017662885107350978;73:0.0021150261973271745","0.0811767578125","Yes"
"80","168.21530456590696","38.13111317841262","0.0096435546875","0.017578125","0.001708984375","2584","0.0006453917539057329","36","0.0006453917539057329","0","0.0006453917539057329","0.0006453917539057329","81:0.005605428118610062","81:68","81:0.008759186138240033","0.0096435546875","Yes"
"81","214.75279014866118","228.7982816574549","0.123046875","0.23046875","0.015625","2584","0.000705549185762755","36","0.000705549185762755","0","0.000705549185762755","0.000705549185762755","80:0.005605428118610062;82:0.09323549120560648;76:0.0048095037401196805","80:68;82:68;76:68","80:0.008759186138240033;82:0.09144847675644305;76:0.009487865116509148","0.123046875","Yes"
"82","6.345753700202232","6.440762177221647","0.3072509765625","0.5927734375","0.021728515625","2584","","36","","0","","","81:0.09323549120560648","81:68;83:68","81:0.09144847675644305","0.3072509765625","Yes"
"83","253.66871314286965","250.92170975325496","0.15771484375","0.28076171875","0.03466796875","2584","0.0006163449261933174","36","0.0006163449261933174","0","0.0006163449261933174","0.0006163449261933174","96:0.008599859024874645;84:0.0037711087718047542","96:68;82:68;84:68","96:0.005611833641721492;84:0.003344852105388124","0.15771484375","Yes"
"84","207.64130443763926","193.8010508789123","0.0069580078125","0.01171875","0.002197265625","2584","0.0007170510224212044","36","0.0007170510224212044","0","0.0007170510224212044","0.0007170510224212044","83:0.0037711087718047542;85:0.0043404579864213255","83:68;85:68","83:0.003344852105388124;85:0.0034420495906614113","0.0069580078125","Yes"
"85","139.86067634264882","64.29631668160722","0.01171875","0.01025390625","0.01318359375","2584","0.00027038616451180864","36","0.00027038616451180864","0","0.00027038616451180864","0.00027038616451180864","77:0.002683486733293161;86:0.002984957619497297;84:0.0043404579864213255","77:68;86:68;84:68","77:0.002726342668366938;86:0.020701661031814478;84:0.0034420495906614113","0.01171875","Yes"
"86","205.3082910081436","76.9235479299931","0.01123046875","0.02001953125","0.00244140625","2584","0.0025549905571819764","36","0.0025549905571819764","0","0.0025549905571819764","0.0025549905571819764","85:0.002984957619497297;87:0.004400092550981977","85:68;87:68","85:0.020701661031814478;87:0.02107747799531079","0.01123046875","Yes"
"87","115.77764607807481","78.27579084289503","0.0037841796875","0.006103515625","0.00146484375","2584","0.00020243787178644184","36","0.00020243787178644184","0","0.00020243787178644184","0.00020243787178644184","86:0.004400092550981977;88:0.0017459229402382592;97:0.0015013794810699588","86:68;88:68;97:68","86:0.02107747799531079;88:0.0016316082785864938;97:0.0017443239925533371","0.0037841796875","Yes"
"88","91.89148508619462","87.94667044039097","0.0186767578125","0.019287109375","0.01806640625","2584","0.0006127932053431773","36","0.0006127932053431773","0","0.0006127932053431773","0.0006127932053431773","87:0.0017459229402382592;89:0.0011558101135552279","87:68;89:68","87:0.0016316082785864938;89:0.0011144288059428409","0.0186767578125","Yes"
"89","315.2039771672087","242.32493679549114","0.0087890625","0.01318359375","0.00439453125","2584","0.00027307659488582465","36","0.00027307659488582465","0","0.00027307659488582465","0.00027307659488582465","90:0.0032324688622935305;88:0.0011558101135552279;78:0.0014596012793250956","90:68;88:68;78:68","90:0.0024672751818719807;88:0.0011144288059428409;78:0.0021863954004498476","0.0087890625","Yes"
"90","68.10418242598261","99.81356098709392","0.021728515625","0.0361328125","0.00732421875","2584","0.0010476240889236768","36","0.0010476240889236768","0","0.0010476240889236768","0.0010476240889236768","89:0.0032324688622935305;91:0.002867842645918106","89:68;91:80","89:0.0024672751818719807;91:0.0033844590243830575","0.021728515625","Yes"
"91","129.0912384001516","166.91972125417487","0.011474609375","0.022216796875","0.000732421875","2584","0.0004189454041828499","36","0.0004189454041828499","0","0.0004189454041828499","0.0004189454041828499","98:0.001743032876923345;90:0.002867842645918106;92:0.001585139527496865","98:68;90:80;92:68","98:0.001221902156932797;90:0.0033844590243830575;92:0.0018104960883452703","0.011474609375","Yes"
"92","332.9306376356324","232.51348031716395","0.0089111328125","0.014892578125","0.0029296875","2584","0.00019394292240553052","36","0.00019394292240553052","0","0.00019394292240553052","0.00019394292240553052","91:0.001585139527496865;93:0.0028356896672855347","91:68;93:68","91:0.0018104960883452703;93:0.0017932540149997733","0.0089111328125","Yes"
"93","223.50643404894197","193.74673779490632","0.010498046875","0.01904296875","0.001953125","2584","0.0002530692014277902","36","0.0002530692014277902","0","0.0002530692014277902","0.0002530692014277902","94:0.0013080529442233146;79:0.0055293634137197345;92:0.0028356896672855347","94:68;79:68;92:68","94:0.0031857446326061245;79:0.0017662885107350978;92:0.0017932540149997733","0.010498046875","Yes"
"94","401.18259962085796","168.95553971660087","0.0037841796875","0.005126953125","0.00244140625","2584","0.0002084937057835529","36","0.0002084937057835529","0","0.0002084937057835529","0.0002084937057835529","93:0.0013080529442233146;95:0.001252697150000287","93:68;95:68","93:0.0031857446326061245;95:0.0018975428216893853","0.0037841796875","Yes"
"95","331.8417120303577","418.13486507658274","0.0096435546875","0.01953125","0.004150390625","2584","0.0005089526685134945","36","0.0005089526685134945","0","0.0005089526685134945","0.0005089526685134945","99:0.001971120563497325;94:0.001252697150000287","99:68;94:68","99:0.0033244247730964405;94:0.0018975428216893853","0.0096435546875","Yes"
"96","109.64270413662332","30.35735763523931","0.0323486328125","0.0625","0.002197265625","2584","0.0009234130885776995","36","0.0009234130885776995","0","0.0009234130885776995","0.0009234130885776995","83:0.008599859024874645;103:0.004440752938759118","83:68;103:68","83:0.005611833641721492;103:0.003012911686141012","0.0323486328125","Yes"
"97","224.1527491172869","71.90423229757474","0.008056640625","0.013671875","0.00244140625","2584","0.00034016922382277463","36","0.00034016922382277463","0","0.00034016922382277463","0.00034016922382277463","87:0.0015013794810699588;107:0.0018834433923579919","87:68;107:68","87:0.0017443239925533371;107:0.0030972486579266545","0.008056640625","Yes"
"98","244.13208859863295","54.922892849458236","0.0059814453125","0.00830078125","0.003662109375","2584","0.00034534533508305586","36","0.00034534533508305586","0","0.00034534533508305586","0.00034534533508305586","91:0.001743032876923345;111:0.0023851169407668737","91:68;111:68","91:0.001221902156932797;111:0.0013945660782008207","0.0059814453125","Yes"
"99","131.41022185693438","38.094266384066195","0.0101318359375","0.016357421875","0.00390625","2584","0.00027844219717361213","36","0.00027844219717361213","0","0.00027844219717361213","0.00027844219717361213","115:0.0024534854786779914;95:0.001971120563497325","115:68;95:68","115:0.002885144988008015;95:0.0033244247730964405","0.0101318359375","Yes"
"100","116.53409279706928","110.62487768874739","0.0103759765625","0.020263671875","0.00048828125","2584","0.0006292136681563733","36","0.0006292136681563733","0","0.0006292136681563733","0.0006292136681563733","101:0.002227613587505589","101:68","101:0.0024797159692113713","0.0103759765625","Yes"
"101","142.6832923451145","70.5796044501968","0.0113525390625","0.021240234375","0.00146484375","2584","0.00026526726501335216","36","0.00026526726501335216","0","0.00026526726501335216","0.00026526726501335216","100:0.002227613587505589;116:0.00243749558440276;102:0.0024939579687588975","100:68;116:68;102:68","100:0.0024797159692113713;116:0.002254128794931698;102:0.006643254347818761","0.0113525390625","Yes"
"102","95.26600081866557","57.437724728735645","0.0220947265625","0.043701171875","0.00048828125","2584","0.00041927889705873646","36","0.00041927889705873646","0","0.00041927889705873646","0.00041927889705873646","101:0.0024939579687588975;103:0.00459293363382321","101:68;103:68","101:0.006643254347818761;103:0.0084903497681581","0.0220947265625","Yes"
"103","121.50818382363751","58.118526724915455","0.0054931640625","0.01025390625","0.000732421875","2584","0.0006665671544251357","36","0.0006665671544251357","0","0.0006665671544251357","0.0006665671544251357","104:0.0026094159859857136;96:0.004440752938759118;102:0.00459293363382321","104:68;96:68;102:68","104:0.005368490770147699;96:0.003012911686141012;102:0.0084903497681581","0.0054931640625","Yes"
"104","324.87805855336666","319.92606981335837","0.0079345703125","0.01220703125","0.003662109375","2584","0.0002897231814703468","36","0.0002897231814703468","0","0.0002897231814703468","0.0002897231814703468","103:0.0026094159859857136;105:0.0016309616084490552","103:68;105:68","103:0.005368490770147699;105:0.0014604670973821787","0.0079345703125","Yes"
"105","128.25116850632156","97.52387487931595","0.0076904296875","0.010986328125","0.00439453125","2584","0.0002569051788321609","36","0.0002569051788321609","0","0.0002569051788321609","0.0002569051788321609","104:0.0016309616084490552;106:0.0017579877842049674;117:0.0046670571381056125","104:68;106:68;117:68","104:0.0014604670973821787;106:0.00200352496427858;117:0.0024673117718944926","0.0076904296875","Yes"
"106","248.37054948128176","174.81510860185026","0.011962890625","0.014892578125","0.009033203125","2584","0.00019422509210585074","36","0.00019422509210585074","0","0.00019422509210585074","0.00019422509210585074","107:0.002238681871361281;105:0.0017579877842049674","107:68;105:68","107:0.0034717049159397606;105:0.00200352496427858","0.011962890625","Yes"
"107","351.16232286361503","239.1287722883003","0.0069580078125","0.00927734375","0.004638671875","2584","0.0002490678629348239","36","0.0002490678629348239","0","0.0002490678629348239","0.0002490678629348239","106:0.002238681871361281;108:0.0033504331369977325;97:0.0018834433923579919","106:68;108:68;97:68","106:0.0034717049159397606;108:0.005657214647221437;97:0.0030972486579266545","0.0069580078125","Yes"
"108","27.579605005522744","30.755040146988463","0.013916015625","0.021728515625","0.006103515625","2584","0.0008948349275555734","36","0.0008948349275555734","0","0.0008948349275555734","0.0008948349275555734","107:0.0033504331369977325;109:0.0023796868888033007","107:68;109:68","107:0.005657214647221437;109:0.002387803779550085","0.013916015625","Yes"
"109","133.2775166766467","40.8876306272665","0.007080078125","0.010009765625","0.004150390625","2584","0.000301416860970394","36","0.000301416860970394","0","0.000301416860970394","0.000301416860970394","108:0.0023796868888033007;110:0.0018809697398683989;118:0.002871022985185545","108:68;110:68;118:68","108:0.002387803779550085;110:0.001296520652311145;118:0.005283120779351225","0.007080078125","Yes"
"110","233.17429954498522","222.1029520914123","0.0084228515625","0.008544921875","0.00830078125","2584","0.0008869063458112012","36","0.0008869063458112012","0","0.0008869063458112012","0.0008869063458112012","109:0.0018809697398683989;111:0.0020166430095455434","109:68;111:68","109:0.001296520652311145;111:0.0011537088174013166","0.0084228515625","Yes"
"111","182.52708895980342","99.02273019600474","0.0078125","0.013427734375","0.002197265625","2584","0.00018094003403787518","36","0.00018094003403787518","0","0.00018094003403787518","0.00018094003403787518","112:0.0013821017632005272;110:0.0020166430095455434;98:0.0023851169407668737","112:68;110:68;98:68","112:0.001550909982815929;110:0.0011537088174013166;98:0.0013945660782008207","0.0078125","Yes"
"112","313.0685581295047","207.7055330906094","0.0057373046875","0.00341796875","0.003662109375","2584","0.0001971661238309446","36","0.0001971661238309446","0","0.0001971661238309446","0.0001971661238309446","111:0.0013821017632005272","111:68;113:68","111:0.001550909982815929;113:0.003884297461257874","0.0057373046875","Yes"
"113","187.73460177679385","121.1111020107495","0.401123046875","0.461669921875","0.340576171875","2584","","36","","0","","","","119:68;112:68;114:68","112:0.003884297461257874;114:0.006235999635771122","0.401123046875","Yes"
"114","258.84028944687003","262.1631326222344","0.0072021484375","0.01123046875","0.003173828125","2584","0.0003384539078596201","36","0.0003384539078596201","0","0.0003384539078596201","0.0003384539078596201","115:0.0033084993518880113","115:68;113:68","115:0.0029108775360031924;113:0.006235999635771122","0.0072021484375","Yes"
"115","197.08894472653157","80.92666028549759","0.012451171875","0.015380859375","0.009521484375","2584","0.00013923723321862682","36","0.00013923723321862682","0","0.00013923723321862682","0.00013923723321862682","99:0.0024534854786779914;114:0.0033084993518880113","99:68;114:68","99:0.002885144988008015;114:0.0029108775360031924","0.012451171875","Yes"
"116","81.43772291129756","112.58369888343151","0.0233154296875","0.023681640625","0.02294921875","2584","0.0004243183534143687","36","0.0004243183534143687","0","0.0004243183534143687","0.0004243183534143687","101:0.00243749558440276;121:0.0023682517180260154","101:68;121:68","101:0.002254128794931698;121:0.002580216688335857","0.0233154296875","Yes"
"117","245.62546885603967","14.367297629162223","0.01123046875","0.016357421875","0.006103515625","2584","0.0003231428092480651","36","0.0003231428092480651","0","0.0003231428092480651","0.0003231428092480651","105:0.0046670571381056125;125:0.003704360477296248","105:68;125:68","105:0.0024673117718944926;125:0.0022860079809922385","0.01123046875","Yes"
"118","171.0710807209996","72.12689918245898","0.0223388671875","0.019775390625","0.02490234375","2584","0.00033402382424436305","36","0.00033402382424436305","0","0.00033402382424436305","0.00033402382424436305","109:0.002871022985185545;129:0.0015905220478345528","109:68;129:68","109:0.005283120779351225;129:0.008798392834330399","0.0223388671875","Yes"
"119","257.0596146192099","75.6274732378708","0.213134765625","0.416748046875","0.009521484375","2584","","36","","0","","","","113:68;133:68","","0.213134765625","Yes"
"120","274.98379780675316","78.01848640341677","0.009033203125","0.015625","0.00244140625","2584","0.00035742427449321604","36","0.00035742427449321604","0","0.00035742427449321604","0.00035742427449321604","121:0.0025610510645773243","121:68","121:0.0018737417631862208","0.009033203125","Yes"
"121","202.2367323021226","234.965153351133","0.0794677734375","0.0556640625","0.103271484375","2584","0.0003280930435837515","36","0.0003280930435837515","0","0.0003280930435837515","0.0003280930435837515","120:0.0025610510645773243;122:0.00761485248052679;116:0.0023682517180260154","120:68;122:80;116:68","120:0.0018737417631862208;122:0.0030633804615122773;116:0.002580216688335857","0.0794677734375","Yes"
"122","113.07655680825296","23.219669192760755","0.0089111328125","0.009033203125","0.0087890625","2584","0.00031125962924531984","36","0.00031125962924531984","0","0.00031125962924531984","0.00031125962924531984","121:0.00761485248052679;123:0.005008846280254359","121:80;123:68","121:0.0030633804615122773;123:0.0026743296146951867","0.0089111328125","Yes"
"123","194.62869695188485","95.13275098946737","0.01123046875","0.01953125","0.0029296875","2584","0.0004577422729031208","36","0.0004577422729031208","0","0.0004577422729031208","0.0004577422729031208","136:0.004280765595316871;124:0.002059818355693077;122:0.005008846280254359","136:68;124:68;122:68","136:0.002286140144937443;124:0.00230782867929899;122:0.0026743296146951867","0.01123046875","Yes"
"124","154.42202113127576","79.33974069656571","0.0096435546875","0.017822265625","0.00146484375","2584","0.00037311300547048664","36","0.00037311300547048664","0","0.00037311300547048664","0.00037311300547048664","123:0.002059818355693077;125:0.0031918119070717954","123:68;125:68","123:0.00230782867929899;125:0.0019138208463613249","0.0096435546875","Yes"
"125","214.24123268241465","56.80319762531767","0.0716552734375","0.13330078125","0.010009765625","2584","0.00039911243947999495","36","0.00039911243947999495","0","0.00039911243947999495","0.00039911243947999495","117:0.003704360477296248;124:0.0031918119070717954;126:0.003153706215330454","117:68;124:68;126:68","117:0.0022860079809922385;124:0.0019138208463613249;126:0.001809608606329477","0.0716552734375","Yes"
"126","158.10497816219018","36.92171966126437","0.00927734375","0.015625","0.0029296875","2584","0.000506631891561014","36","0.000506631891561014","0","0.000506631891561014","0.000506631891561014","127:0.0022491536476066665;125:0.003153706215330454","127:68;125:68","127:0.0021302600899635316;125:0.001809608606329477","0.00927734375","Yes"
"127","231.05448950388654","19.791004072572473","0.0250244140625","0.029296875","0.020751953125","2584","0.00024691731658669","36","0.00024691731658669","0","0.00024691731658669","0.00024691731658669","126:0.0022491536476066665;128:0.0016798115554179927;137:0.002350539059359641","126:68;128:68;137:68","126:0.0021302600899635316;128:0.0020765479532930675;137:0.0017712741541564547","0.0250244140625","Yes"
"128","313.4970333362502","284.89573581675694","0.0072021484375","0.01025390625","0.004150390625","2584","0.00039214032498615346","36","0.00039214032498615346","0","0.00039214032498615346","0.00039214032498615346","127:0.0016798115554179927;129:0.002569412687817796","127:68;129:68","127:0.0020765479532930675;129:0.0025087362334003382","0.0072021484375","Yes"
"129","194.09862715387985","180.62896553382635","0.00634765625","0.0107421875","0.00048828125","2584","0.0001839099976807175","36","0.0001839099976807175","0","0.0001839099976807175","0.0001839099976807175","128:0.002569412687817796;118:0.0015905220478345528","130:68;128:68;118:68","130:0.004589589550173134;128:0.0025087362334003382;118:0.008798392834330399","0.00634765625","Yes"
"130","322.9729925580698","16.288825214895343","0.494873046875","0.53076171875","0.458984375","2584","","36","","0","","","","129:68;131:68","129:0.004589589550173134;131:0.004487296630354853","0.494873046875","Yes"
"131","229.23416427267412","143.78423347538595","0.0093994140625","0.013671875","0.005126953125","2584","0.0001899643458969157","36","0.0001899643458969157","0","0.0001899643458969157","0.0001899643458969157","138:0.0015470564171408685;132:0.0017872889530829439","138:68;130:68;132:68","138:0.001147035221024384;130:0.004487296630354853;132:0.0015220653107458904","0.0093994140625","Yes"
"132","317.32527530019394","89.98217851478368","0.006591796875","0.010009765625","0.003173828125","2584","0.000206116142601827","36","0.000206116142601827","0","0.000206116142601827","0.000206116142601827","133:0.0022248276714271764;131:0.0017872889530829439","133:68;131:68","133:0.0014651677402558738;131:0.0015220653107458904","0.006591796875","Yes"
"133","281.08373447438623","223.25753210789117","0.0115966796875","0.021240234375","0.001953125","2584","0.0006225926768823144","36","0.0006225926768823144","0","0.0006225926768823144","0.0006225926768823144","132:0.0022248276714271764;134:0.0037889780284635355","132:68;134:80;119:68","132:0.0014651677402558738;134:0.004209380133844698","0.0115966796875","Yes"
"134","248.6669785580748","111.44715047809694","0.0047607421875","0.008056640625","0.00146484375","2584","0.0006062960663987159","36","0.0006062960663987159","0","0.0006062960663987159","0.0006062960663987159","133:0.0037889780284635355;135:0.0038358531726546685","133:80;135:68","133:0.004209380133844698;135:0.002683808810991506","0.0047607421875","Yes"
"135","349.58340773211705","78.3031997210791","0.1043701171875","0.0615234375","0.147216796875","2584","0.00021306693446344985","36","0.00021306693446344985","0","0.00021306693446344985","0.00021306693446344985","134:0.0038358531726546685;139:0.0028159086670802858","134:68;139:68","134:0.002683808810991506;139:0.001489526704482158","0.1043701171875","Yes"
"136","225.39256772876757","135.30066656450222","0.009033203125","0.01708984375","0.0009765625","2584","0.0005381268516497459","36","0.0005381268516497459","0","0.0005381268516497459","0.0005381268516497459","123:0.004280765595316871;143:0.003913768797931205","123:68;143:68","123:0.002286140144937443;143:0.001681057040396311","0.009033203125","Yes"
"137","154.61168764685064","110.84224319604246","0.0081787109375","0.015625","0.000732421875","2584","0.0006127463857062481","36","0.0006127463857062481","0","0.0006127463857062481","0.0006127463857062481","147:0.0022930428750720933;127:0.002350539059359641","147:68;127:68","147:0.0015542177450513783;127:0.0017712741541564547","0.0081787109375","Yes"
"138","247.4855218726568","153.06432401125033","0.0089111328125","0.01123046875","0.006591796875","2584","0.0003158664514724424","36","0.0003158664514724424","0","0.0003158664514724424","0.0003158664514724424","151:0.002969182588581004;131:0.0015470564171408685","151:68;131:68","151:0.0038197737733826065;131:0.001147035221024384","0.0089111328125","Yes"
"139","160.0745441931877","212.6686601473131","0.0054931640625","0.0078125","0.003173828125","2584","0.0001904965973282866","36","0.0001904965973282866","0","0.0001904965973282866","0.0001904965973282866","155:0.003332622910931865;135:0.0028159086670802858","155:80;135:68","155:0.0018913102413157523;135:0.001489526704482158","0.0054931640625","Yes"
"140","176.54068966917546","21.057821252201446","0.0048828125","0.00732421875","0.00244140625","2584","0.0001596893506364383","36","0.0001596893506364383","0","0.0001596893506364383","0.0001596893506364383","141:0.0030824840313667112","141:68","141:0.0027330462246265286","0.0048828125","Yes"
"141","313.22416094212605","270.3153650057901","0.058349609375","0.041015625","0.07568359375","2584","0.0004052227172780563","36","0.0004052227172780563","0","0.0004052227172780563","0.0004052227172780563","140:0.0030824840313667112;142:0.0011651050660869688","140:68;142:68","140:0.0027330462246265286;142:0.000989732076639327","0.058349609375","Yes"
"142","129.35103599050896","40.00269331570025","0.0252685546875","0.0205078125","0.030029296875","2584","0.00026387400495013344","36","0.00026387400495013344","0","0.00026387400495013344","0.00026387400495013344","143:0.035761924473730916;141:0.0011651050660869688","143:68;141:68","143:0.023136048976326318;141:0.000989732076639327","0.0252685546875","Yes"
"143","112.84174926877976","45.5622212416819","0.0126953125","0.019287109375","0.006103515625","2584","0.00026130485218996743","36","0.00026130485218996743","0","0.00026130485218996743","0.00026130485218996743","142:0.035761924473730916;144:0.008456336203687631;136:0.003913768797931205","142:68;144:68;136:68","142:0.023136048976326318;144:0.003774400903624908;136:0.001681057040396311","0.0126953125","Yes"
"144","109.93207847908499","64.19292009291259","0.0106201171875","0.02001953125","0.001220703125","2584","0.0009398029708271276","36","0.0009398029708271276","0","0.0009398029708271276","0.0009398029708271276","145:0.003879784417577109;143:0.008456336203687631","145:68;143:68","145:0.002046067657698908;143:0.003774400903624908","0.0106201171875","Yes"
"145","162.40237192356005","131.9550849713361","0.0269775390625","0.0517578125","0.002197265625","2584","0.00045551352641310744","36","0.00045551352641310744","0","0.00045551352641310744","0.00045551352641310744","144:0.003879784417577109;146:0.0018303319946592622","144:68;146:68","144:0.002046067657698908;146:0.0027569477543647747","0.0269775390625","Yes"
"146","175.49574266633496","66.54409033239259","0.0023193359375","0.005859375","0.00048828125","2584","0.0003795375711553542","36","0.0003795375711553542","0","0.0003795375711553542","0.0003795375711553542","145:0.0018303319946592622;147:0.0020408139018575355","145:68;147:68","145:0.0027569477543647747;147:0.0018342332871201794","0.0023193359375","Yes"
"147","214.6078441398804","128.65838354745017","0.004150390625","0.00634765625","0.001953125","2584","0.0004407223358571888","36","0.0004407223358571888","0","0.0004407223358571888","0.0004407223358571888","148:0.0017128336939198074;137:0.0022930428750720933;146:0.0020408139018575355","148:68;137:68;146:68","148:0.15872006533398988;137:0.0015542177450513783;146:0.0018342332871201794","0.004150390625","Yes"
"148","354.79279080431667","182.48761685794625","0.0048828125","0.0078125","0.001953125","2584","0.0002179174592106597","36","0.0002179174592106597","0","0.0002179174592106597","0.0002179174592106597","147:0.0017128336939198074;149:0.0013021313673348966","147:68;149:68","147:0.15872006533398988;149:0.0013373067068628564","0.0048828125","Yes"
"149","189.08712961891385","125.23701925013276","0.009033203125","0.0166015625","0.00146484375","2584","0.0002117858603952278","36","0.0002117858603952278","0","0.0002117858603952278","0.0002117858603952278","150:0.0024237196567658825;148:0.0013021313673348966","150:68;148:68","150:0.001443342675094328;148:0.0013373067068628564","0.009033203125","Yes"
"150","154.08829584491806","113.16247165735975","0.03759765625","0.06982421875","0.00537109375","2584","0.0006028871657146738","36","0.0006028871657146738","0","0.0006028871657146738","0.0006028871657146738","149:0.0024237196567658825;151:0.004197324576812211","149:68;151:68","149:0.001443342675094328;151:0.004271384444803045","0.03759765625","Yes"
"151","182.07450185838388","71.35408832136036","0.0059814453125","0.009765625","0.002197265625","2584","0.0005513619093651019","36","0.0005513619093651019","0","0.0005513619093651019","0.0005513619093651019","138:0.002969182588581004;152:0.02548746969055149;150:0.004197324576812211","138:68;152:68;150:68","138:0.0038197737733826065;152:0.025746486439877814;150:0.004271384444803045","0.0059814453125","Yes"
"152","175.57703551089247","134.1490427965542","0.0213623046875","0.023681640625","0.01904296875","2584","0.00024243547321528054","36","0.00024243547321528054","0","0.00024243547321528054","0.00024243547321528054","151:0.02548746969055149;153:0.002342084102983283","151:68;153:68","151:0.025746486439877814;153:0.0023401025356581395","0.0213623046875","Yes"
"153","186.93566955334958","196.9046987336299","0.0078125","0.012451171875","0.003173828125","2584","0.0002080744090813324","36","0.0002080744090813324","0","0.0002080744090813324","0.0002080744090813324","152:0.002342084102983283;154:0.0017934500520309649","152:68;154:68","152:0.0023401025356581395;154:0.0021728652576077367","0.0078125","Yes"
"154","312.5441637314219","17.01985368141902","0.00830078125","0.014404296875","0.002197265625","2584","0.0003873174418919651","36","0.0003873174418919651","0","0.0003873174418919651","0.0003873174418919651","153:0.0017934500520309649;155:0.0026218501466494792","153:68;155:68","153:0.0021728652576077367;155:0.0016730124041049454","0.00830078125","Yes"
"155","181.20514408753974","109.41601450341318","0.0059814453125","0.007568359375","0.00439453125","2584","0.00017494164128693912","36","0.00017494164128693912","0","0.00017494164128693912","0.00017494164128693912","139:0.003332622910931865;154:0.0026218501466494792","139:80;154:68","139:0.0018913102413157523;154:0.0016730124041049454","0.0059814453125","Yes"